1/26/2022 3:56:07 PM,,HaNoi
1/26/2022 3:56:07 PM,,HaNoi
1/26/2022 3:56:07 PM,,HaNoi
1/26/2022 3:56:07 PM,,HaNoi
1/26/2022 3:56:07 PM,,HaNoi
1/26/2022 3:56:12 PM,,HaNoi
1/26/2022 3:56:12 PM,,HaNoi
1/26/2022 3:56:12 PM,,HaNoi
1/26/2022 3:56:12 PM,,HaNoi
1/26/2022 3:56:12 PM,,HaNoi
1/26/2022 3:56:17 PM,,HaNoi
1/26/2022 3:56:17 PM,,HaNoi
1/26/2022 3:56:17 PM,,HaNoi
1/26/2022 3:56:17 PM,,HaNoi
1/26/2022 3:56:17 PM,,HaNoi
1/26/2022 3:56:22 PM,,HaNoi
1/26/2022 3:56:22 PM,,HaNoi
1/26/2022 3:56:22 PM,,HaNoi
1/26/2022 3:56:22 PM,,HaNoi
1/26/2022 3:56:22 PM,,HaNoi
1/26/2022 3:56:27 PM,,HaNoi
1/26/2022 3:56:27 PM,,HaNoi
1/26/2022 3:56:27 PM,,HaNoi
1/26/2022 3:56:27 PM,,HaNoi
1/26/2022 3:56:27 PM,,HaNoi
1/26/2022 3:56:32 PM,,HaNoi
1/26/2022 3:56:32 PM,,HaNoi
1/26/2022 3:56:32 PM,,HaNoi
1/26/2022 3:56:32 PM,,HaNoi
1/26/2022 3:56:32 PM,,HaNoi
1/26/2022 3:56:37 PM,,HaNoi
1/26/2022 3:56:37 PM,,HaNoi
1/26/2022 3:56:37 PM,,HaNoi
1/26/2022 3:56:37 PM,,HaNoi
1/26/2022 3:56:37 PM,,HaNoi
1/26/2022 3:56:42 PM,,HaNoi
1/26/2022 3:56:42 PM,,HaNoi
1/26/2022 3:56:42 PM,,HaNoi
1/26/2022 3:56:42 PM,,HaNoi
1/26/2022 3:56:42 PM,,HaNoi
1/26/2022 3:56:47 PM,,HaNoi
1/26/2022 3:56:47 PM,,HaNoi
1/26/2022 3:56:47 PM,,HaNoi
1/26/2022 3:56:47 PM,,HaNoi
1/26/2022 3:56:47 PM,,HaNoi
1/26/2022 3:56:52 PM,,HaNoi
1/26/2022 3:56:52 PM,,HaNoi
1/26/2022 3:56:52 PM,,HaNoi
1/26/2022 3:56:52 PM,,HaNoi
1/26/2022 3:56:52 PM,,HaNoi
1/26/2022 3:56:57 PM,,HaNoi
1/26/2022 3:56:57 PM,,HaNoi
1/26/2022 3:56:57 PM,,HaNoi
1/26/2022 3:56:57 PM,,HaNoi
1/26/2022 3:56:57 PM,,HaNoi
1/26/2022 3:57:02 PM,,HaNoi
1/26/2022 3:57:02 PM,,HaNoi
1/26/2022 3:57:02 PM,,HaNoi
1/26/2022 3:57:02 PM,,HaNoi
1/26/2022 3:57:02 PM,,HaNoi
1/26/2022 3:57:07 PM,,HaNoi
1/26/2022 3:57:07 PM,,HaNoi
1/26/2022 3:57:07 PM,,HaNoi
1/26/2022 3:57:07 PM,,HaNoi
1/26/2022 3:57:07 PM,,HaNoi
1/26/2022 3:57:12 PM,,HaNoi
1/26/2022 3:57:12 PM,,HaNoi
1/26/2022 3:57:12 PM,,HaNoi
1/26/2022 3:57:12 PM,,HaNoi
1/26/2022 3:57:12 PM,,HaNoi
1/26/2022 3:57:17 PM,,HaNoi
1/26/2022 3:57:17 PM,,HaNoi
1/26/2022 3:57:17 PM,,HaNoi
1/26/2022 3:57:17 PM,,HaNoi
